ID,VoiceFile,Korean String,Purpose
AD_COMMENT,none,광고관련...,광고관련...
AFTERNOON_00,univ1001,안녕하세요! 점심은 이미 먹었을려나? 오후도 열심히 가볼까요?,점심 대사 
ALL_CLEAR_00,univ1019,올 클리어! 축하해!,클리어 라든지 
BOSS_00,univ1076,드디어 보스의 등장이네!,RPG 같은 
BYE_00,univ0016,또 만나요!,인사 
BYE_01,univ0017,또 보자!,인사 
BYE_02,univ0018,안녕?,인사 
BYE_03,univ1013,나중에 또 놀자~ 바이바이~,이별 이라든지 
BYE_QUESTION_00,univ1014,에에~? 벌써 가는거야?,이별 이라든지 
CLEAR_00,univ1018,클리어! 해냈구나!,클리어 라든지 
CLOCK_0,univ1292,0시입니다.,0시 
CLOCK_1,univ1293,1시입니다.,1시 
CLOCK_10,univ1302,10시입니다.,10시 
CLOCK_11,univ1303,11시되었습니다.,11시 
CLOCK_12,univ1304,12시입니다.,12시 
CLOCK_13,univ1305,13시입니다.,13시 
CLOCK_14,univ1306,14시되었습니다.,14시 
CLOCK_15,univ1307,15시입니다.,15시 
CLOCK_16,univ1308,16시입니다.,16시 
CLOCK_17,univ1309,17시되었습니다.,17시 
CLOCK_18,univ1310,18시입니다.,18시 
CLOCK_19,univ1311,19시입니다.,19시 
CLOCK_2,univ1294,2시되었습니다.,2시 
CLOCK_20,univ1312,20시되었습니다.,20시 
CLOCK_21,univ1313,21시입니다.,21시 
CLOCK_22,univ1314,22시입니다.,22시 
CLOCK_23,univ1315,23시되었습니다.,23시 
CLOCK_3,univ1295,3시입니다.,3시 
CLOCK_4,univ1296,4시입니다.,4시 
CLOCK_5,univ1297,5시되었습니다.,5시 
CLOCK_6,univ1298,6시입니다.,6시 
CLOCK_7,univ1299,7시입니다.,7시 
CLOCK_8,univ1300,8시되었습니다.,8시 
CLOCK_9,univ1301,9시입니다.,9시 
COUNT_EIGHT,univ1144,에이트,카운트 
COUNT_FIVE,univ1141,파이브,카운트 
COUNT_FOUR,univ1140,포,카운트 
COUNT_NINE,univ1145,나인,카운트 
COUNT_ONE,univ1137,원,카운트 
COUNT_SEVEN,univ1143,세븐,카운트 
COUNT_SIX,univ1142,식스,카운트 
COUNT_TEN,univ1146,텐!,카운트 
COUNT_THREE,univ1139,쓰리,카운트 
COUNT_TWO,univ1138,투,카운트 
COUNT_ZERO,univ1136,제로,카운트 
EVENING_00,univ1002,안녕하세요! 오늘도 곧 끝이다 되네요! 뭔가 좋은 일었을려나~ 내일도 열심히! ,밤 대사 
EVENT_00,univ1053,이벤트 푸짐하다고!,현인 회의 
EVENT_INFO_00,univ1054,이벤트 정보라고!,이벤트 공지 라든지 
GAME_STRING_COMBO,none,콤보,인게임
GAME_STRING_SCORE,none,점수,인게임
GAMEOVER_00,univ1077,크흑 여기까지 왔는데!,RPG 같은 
GAMEOVER_01,univ1175,아쉽네 져버렸어.,가위 바위 보 
GP_BAD_00,univ0010,그런~,구호 
GP_BAD_01,univ0011,망했어...,구호 
GP_BAD_02,univ0012,열받아!!,구호 
GP_COMBO_HIGH_00,univ1100,회심의 일격!,격투 게임 같은 
GP_COMBO_HIGH_01,univ1103,이것으로 끝이야!,격투 게임 같은 
GP_EXCELLENT_00,univ1020,EXCELLENT! 굉장해!,클리어 라든지 
GP_GOOD_00,univ1169,굿!,가위 바위 보 
GP_GOOD_01,univ0009,흐흥~,구호 
GP_GOOD_02,univ0005,가자!,구호 
GP_NICE_00,univ1029,Okay!,응답 OK 
GP_NICE_01,univ0015,야호~,인사 
GP_NICE_02,univ0006,해냈다!,구호 
GP_NICE_03,univ0007,나이스!,구호 
GREETING_00,univ0019,안녕 난 유니티짱이야.,자기 소개 (키미 편) 
HEAL_00,univ1071,회복시켜줄께!,RPG 같은 
ITEM_GET_00,univ1070,아이템 겟!,RPG 같은 
JUMP_00,univ0001,이얍!,구호 
JUMP_01,univ0002,가자!,구호 
LAUGHT_00,univ0003,우후훗,구호 
LAUGHT_01,univ0004,후훗!,구호 
MENU_END,none,종료,메뉴
MENU_ENGLISH,none,영어,메뉴
MENU_JAPAN,none,일어,메뉴
MENU_KOREAN,none,한글,메뉴
MENU_START,none,시작,메뉴
MORNING_00,univ1000,오늘도 활기차게 열심히 가자!,안녕 대사 
NAME_UNITYCHAN_00,univ0045,유니티짱,자기 소개 (당신 편) 
OPENING_MENT_00,univ1080,이 게임은 유니티짱 라이센스로 제공 됩니다.,공모 음성 
OPTION_CAPTION,none,자막,옵션
OPTION_EFFECT,none,효과,옵션
OPTION_OFF,none,끄기,옵션
OPTION_ON,none,켜기,옵션
OPTION_VOLUME,none,볼륨,옵션
POWER_BY_UNITY_00,univ1084,파워드 바이 유니티!,보이스로고 
PRESENT_00,univ1069,선물 줄께!,RPG 같은 
REACTION_00,univ1035,싫어~,리액션 
REACTION_01,univ1036,정말... 바보!,리액션 
REACTION_02,univ1037,아앙... 그러면 안된다니까!,리액션 
REACTION_03,univ1038,우왓!,리액션 
REACTION_04,univ1039,후에?,리액션 
REACTION_05,univ1079,하후흐흐으... 졸리아아응...,공모 음성 
READY_00,univ0008,"자, 이제!",구호 
READY_01,univ1015,어 ... 흠 ARE YOU READY?,준비 라든지 
RESULT_00,univ1182,결과 발표!! 쨔쨔잔~,순위 라든지 
RESULT_BAD,univ1185,이번에는 방심해서였을까나? 다음부터는 제대로 하는거야?,순위 라든지 
RESULT_GOOD,univ1183,이번에는 노력했네요. 축하해요!,순위 라든지 
RESULT_NOTBAD,univ1184,이번에는 그저 그랬지만 다음엔 노력하자,순위 라든지 
RESULT_RECODEOVER_00,univ1186,래코드 갱신! 축하해!,순위 라든지 
RESULT_RECODEOVER_01,univ1187,스코어 갱신! 축하해!,순위 라든지 
START_00,univ1016,시작!,시작 라든지 
TURN_START_01,univ0021,자 너도 시작하자,자기 소개 (키미 편) 
TURN_START_02,univ0022,다음은 네 차례야,자기 소개 (키미 편) 
zznone,univ0013,"유니티 짱 ""헉 ... 헉 ... 헉 ...""(달리는 경우의 한숨) ",브레스 
zznone,univ0014,"유니티 짱 ""네, 치즈!"" ",AR 카메라 
zznone,univ0020,곧 만날 수 있어,자기 소개 (키미 편) 
zznone,univ0023,"유니티 짱 ""너의 꿈 함께 이뤄 줄"" ",자기 소개 (키미 편) 
zznone,univ0024,함께 놀자!,자기 소개 (키미 편) 
zznone,univ0025,"유니티 짱 ""함께 놀자!"" ",자기 소개 (키미 편) 
zznone,univ0026,"유니티 짱 '너도 함께 놀자! "" ",자기 소개 (키미 편) 
zznone,univ0027,"유니티 짱 '너도 함께 어떨까? "" ",자기 소개 (키미 편) 
zznone,univ0028,"유니티 짱 ""너의 꿈 함께 이뤄 줄거야"" ",자기 소개 (키미 편) 
zznone,univ0029,"유니티 짱 ""너의 꿈 함께 이뤄 줄"" ",자기 소개 (키미 편) 
zznone,univ0030,"유니티 짱 ""안녕 내«유니티 짱»"" ",자기 소개 (당신 편) 
zznone,univ0031,"유니티 짱 ""곧 당신에 만날 수있어"" ",자기 소개 (당신 편) 
zznone,univ0032,"유니티 짱 ""자, 당신도 시작하자"" ",자기 소개 (당신 편) 
zznone,univ0033,"유니티 짱 ""다음은 네 차례 야"" ",자기 소개 (당신 편) 
zznone,univ0034,"유니티 짱 ""당신의 꿈 함께 이뤄 줄"" ",자기 소개 (당신 편) 
zznone,univ0035,"유니티 짱 ""함께 놀자!"" ",자기 소개 (당신 편) 
zznone,univ0036,"유니티 짱 ""함께 놀자!"" ",자기 소개 (당신 편) 
zznone,univ0037,"유니티 짱 ""당신도 함께 놀자!"" ",자기 소개 (당신 편) 
zznone,univ0038,"유니티 짱 ""당신도 함께 어떨까?"" ",자기 소개 (당신 편) 
zznone,univ0039,"유니티 짱 ""당신의 꿈 함께 이뤄 줄거야"" ",자기 소개 (당신 편) 
zznone,univ0040,"유니티 짱 ""당신의 꿈 함께 이뤄 줄"" ",자기 소개 (당신 편) 
zznone,univ0041,처음 뵙겠습니다. 나는 유니티 짱,자기 소개 (당신 편) 
zznone,univ0042,"유니티 짱 ""꿈은 나만의 놀이터를 만드는 것"" ",자기 소개 (당신 편) 
zznone,univ0043,"유니티 짱 ""비어있는 창고가 하나 있어요. 자유롭게 사용해 괜찮아라고! 어쩐지 두근 두근하지?"" ",자기 소개 (당신 편) 
zznone,univ0044,"유니티 짱 ""비어있는 창고가 있어요. 자유롭게 사용해 괜찮아라고! 두근 두근하지?"" ",자기 소개 (당신 편) 
zznone,univ1003,"유니티 짱 ""존자, 시작하십니까!"" ",결정 대사 1 
zznone,univ1004,"유니티 짱 ""유니티 짱 공식 페이지에 오신 것을 환영합니다!"" ",공식 페이지 방문 1 
zznone,univ1005,"유니티 짱 ""이곳은 유니티 짱 공식 페이지 내 방에 오신 것을 환영합니다!"" ",공식 페이지 방문 2 
zznone,univ1006,"유니티 짱 ""내 공식 페이지에 오신 것을 환영합니다. 쉬어 ... えへへっ!"" ",공식 페이지 방문 3 
zznone,univ1007,"유니티 짱 '아트 & 디자인 코너 다하자! "" ",페이지 각 코너 전환 
zznone,univ1008,"유니티 짱 ""데이터 다운로드 코너 다하자!"" ",페이지 각 코너 전환 
zznone,univ1009,"유니티 짱 ""유니티 짱 블로그 다하자!"" ",페이지 각 코너 전환 
zznone,univ1010,"유니티 짱 ""그런데 그런데 ... 최신 정보인가?이!"" ",페이지 각 코너 전환 
zznone,univ1011,"유니티 짱 ""저와 약속이야 !! 제대로 읽고 해줘!"" ",라이센스 조건이나 
zznone,univ1012,"유니티 짱 ""어머 ... 업데이트 아니었다 같다. 미안하네요 ~ 온!"" ",갱신없이 라든지 
zznone,univ1017,"유니티 짱 ""고룻!"" ",골이나 
zznone,univ1021,힘내!,응원 
zznone,univ1022,"유니티 짱 ""(사랑스러워) 전투 커헉!"" ",응원 
zznone,univ1023,"유니티 짱 ""오에스, 오에스! 곳!"" ",응원 
zznone,univ1024,"유니티 짱 ""どんまいっ!"" ",실패 
zznone,univ1025,"유니티 짱 ""어머 ... 유감 !!"" ",실패 
zznone,univ1026,"유니티 짱 ""한번 해 볼까?"" ",재시도? 
zznone,univ1027,"유니티 짱 ""이렇게이 야지 해줘!"" ",재시도 YES 
zznone,univ1028,"유니티 짱 ""(밝게) 수고 !!"" ",재시도 NO 
zznone,univ1030,"유니티 짱 ""のぉっ!"" ",응답 NO 
zznone,univ1031,"유니티 짱 ""의 것,의 것"" ","응답 NO (Non, Non) "
zznone,univ1032,"유니티 짱 ""(이 버튼을 ...의 뉘앙스로) 포치!"" ",지시 
zznone,univ1033,"유니티 짱 ""(나쁘게) 검사 스 룻토?"" ",지시 
zznone,univ1034,"유니티 짱 ""로드 중이야 못했다. 조금만 기다려 해줘!"" ",경고 
zznone,univ1040,"유니티 짱 ""응 ... 지금 무엇하고 있는지가!"" ",질문 
zznone,univ1041,"유니티 짱 ""왔다구나 ~ 온! 유니티 가면 !!"" ",유니티 가면에 도전 
zznone,univ1042,"유니티 짱 ""유니티 가면! 승부 !!"" ",유니티 가면에 도전 
zznone,univ1043,"유니티 짱 ""과연 네요. 유니티 가면 ..."" ",유니티 가면 패배 
zznone,univ1044,"유니티 짱 ""했어 아! 유니티 가면을 이겼다 버렸다!"" ",유니티 가면 승리 
zznone,univ1045,"유니티 짱 ""무승부하자! 유니티 가면!"" ",유니티 가면과 무승부 
zznone,univ1046,"유니티 짱 ""유니티 가면 ... 혹시, 당신은 ..."" ",유니티 가면과 분류 
zznone,univ1047,"유니티 짱 ""또 보자 ... 유니티 가면"" ",유니티 가면과 분류 
zznone,univ1048,"유니티 짱 '나이스 파이트 !! "" ",유니티 가면과 분류 
zznone,univ1049,"유니티 짱 ""나와 함께 화합을 기억 버리자 웃!"" ",Unity 체험에 초대 
zznone,univ1050,"유니티 짱 ""나와 함께 파티를 잡자 !!"" ",Unity 체험에 초대 
zznone,univ1051,"유니티 짱 ""유니티 현인 회의에 ようこそっ!"" ",현인 회의 
zznone,univ1052,"유니티 짱 ""당신은 전설적인 지원 P (피)?"" ",현인 회의 
zznone,univ1055,"유니티 짱 ""회장에서 기다리고하자! 모두 놀러와 해줘!"" ",이벤트 공지 라든지 
zznone,univ1056,"유니티 짱 ""뭐 그것거야!? 혹시 강한거야!?"" ",김 태클 
zznone,univ1057,"유니티 짱 ""흠흠 ... 꽤 좋은 곳을 따라 오는군요 ..."" ",김 태클 
zznone,univ1058,"유니티 짱 ""이런 일도 있으리라고 생각해서 ぇ! とりゃ 아!"" ",김 태클 
zznone,univ1059,"유니티 짱 ""(하지 않) ふふん ... 말하고 싶은 것은 그만큼 !!"" ",김 태클 
zznone,univ1060,"유니티 짱 ""오하고 오 띄어 ...하면 안 있었다고 있을까 !!"" ",김 태클 
zznone,univ1061,"유니티 짱 ""숙박 · 호 · 우 아름다움 ... 올려 버립니다 있었다고 있을까 !!"" ",김 태클 
zznone,univ1062,"유니티 짱 ""서 れ ·은 ... 비밀, だよっ!"" ",김 태클 
zznone,univ1063,"유니티 짱 ""이의 !!"" ",김 태클 
zznone,univ1064,"유니티 짱 「이의 없음 !! "" ",김 태클 
zznone,univ1065,"유니티 짱 ""유죄 !!"" ",김 태클 
zznone,univ1066,"유니티 짱 ""매듭 유죄 !!"" ",김 태클 
zznone,univ1067,"유니티 짱 ""로드 중에 열림 버튼을 눌러 버립니다 だめぇ ~ 온!"" ",김 태클 
zznone,univ1068,"유니티 짱 ""(감탄하도록) ほほぉ ...... ふぅむ ...... へぇぇ ..."" ",김 태클 
zznone,univ1072,"유니티 짱 ""오케ィ 내게 맡겨 !!"" ",RPG 같은 
zznone,univ1073,"유니티 짱 ""추수!"" ",RPG 같은 
zznone,univ1074,"유니티 짱 ""나이스, 따르라!"" ",RPG 같은 
zznone,univ1075,"유니티 짱 ""여기 당신에게 맡기는거야."" ",RPG 같은 
zznone,univ1078,"유니티 짱 ""배 반환하자!"" ",RPG 같은 
zznone,univ1081,"유니티 짱 ""이 콘텐츠는 유니티 짱 라이센스로 볼 수 있습니다"" ",공모 음성 
zznone,univ1082,"유니티 짱 ""유니티 테크놀로지스 · 재팬 !!"" ",보이스로고 
zznone,univ1083,"유니티 짱 ""유니티 테크놀로지스 !!"" ",보이스로고 
zznone,univ1085,냥~,공모 음성 
zznone,univ1086,냐냥~!,공모 음성 
zznone,univ1087,"유니티 짱 ""그럼 그럼 ~ 응!"" ",공모 음성 
zznone,univ1088,"유니티 짱 ""나와 함께 ... 게임 しよっ?"" ",공모 음성 
zznone,univ1089,"유니티 짱 ""귀엽고 찍어 해줘!"" ",공모 음성 
zznone,univ1090,"유니티 짱 ""시간이에요 !!"" ",시보 
zznone,univ1091,"유니티 짱 ""캐시!"" ",데미지 
zznone,univ1092,"유니티 짱 ""앙 !!"" ",데미지 
zznone,univ1093,"유니티 짱 ""あううっ ..."" ",데미지 
zznone,univ1094,"유니티 짱 ""ひゃっ!"" ",데미지 
zznone,univ1095,"유니티 짱 ""ひどぉ 조치 싶다!"" ",데미지 
zznone,univ1096,"유니티 짱 ""또 화가 난거야 우와!"" ",격투 게임 같은 
zznone,univ1097,"유니티 짱 ""게이지 가득 !!"" ",격투 게임 같은 
zznone,univ1098,"유니티 짱 ""여기에서 단번에 역전 따라!"" ",격투 게임 같은 
zznone,univ1099,"유니티 짱 ""돈마이, 돈마이 ..."" ",격투 게임 같은 
zznone,univ1101,"유니티 짱 ""(마음을 박는 이미지) 헉!"" ",격투 게임 같은 
zznone,univ1102,"유니티 짱 ""(마음을 박는 이미지) とおお 우와!"" ",격투 게임 같은 
zznone,univ1104,"유니티 짱 ""(사랑스러워) 파이널 브로우, 받아라 앗! やあっ!"" ",격투 게임 같은 
zznone,univ1105,"유니티 짱 ""나 괜찮아 ...?"" ",데토게 같아 
zznone,univ1106,"유니티 짱 ""선택 해주고, 고마워 !!"" ",데토게 같아 
zznone,univ1107,"유니티 짱 ""좋아, 앞으로 어떻게 しよか?"" ",데토게 같아 
zznone,univ1108,"유니티 짱 ""뭐하고 놀까?"" ",데토게 같아 
zznone,univ1109,"유니티 짱 ""어느 것을 선택할까요?"" ",데토게 같아 
zznone,univ1110,"유니티 짱 ""오늘은 매우 즐거웠다! 또한 함께 놀자 해줘!"" ",데토게 같아 
zznone,univ1111,"유니티 짱 ""죄송합니다. 따위 밤이었다 ..."" ",데토게 같아 
zznone,univ1112,"유니티 짱 ""으응 ... 이제 다른 놀이를하려고하자!"" ",데토게 같아 
zznone,univ1113,"유니티 짱 ""응 ... 오늘 시간 있을까?"" ",데토게 같아 
zznone,univ1114,"유니티 짱 ""응 ... 지금 시간 있을까?"" ",데토게 같아 
zznone,univ1115,"유니티 짱 ""(독방) 내와의 약속 ... 분실?"" ",데토게 같아 
zznone,univ1116,"유니티 짱 ""(질투 포함 분노 같아)도 ぅ ! ばぁかぁっ!"" ",데토게 같아 
zznone,univ1117,"유니티 짱 ""저에게서 선물 ... 받아 줄까?"" ",데토게 같아 
zznone,univ1118,에? 그런... 그런거 부끄러워서 말할 수 없어.,데토게 같아 
zznone,univ1119,"유니티 짱 ""함께하는 것만으로, 좋아 ..."" ",데토게 같아 
zznone,univ1120,"유니티 짱 ""앞으로도 쭉 다하자!"" ",데토게 같아 
zznone,univ1121,"유니티 짱 ""むぅっ! 늦게 우와 매우 --- 싶다!"" ",데토게 같아 
zznone,univ1122,"유니티 짱 ""오늘의 밥 은요 ... 우후훗!"" ",데토게 같아 
zznone,univ1123,"유니티 짱 ""오늘의 도시락는 요 ~ ... 우후훗!"" ",데토게 같아 
zznone,univ1124,"유니티 짱 ""오늘의 간식 은요 ... 우후훗!"" ",데토게 같아 
zznone,univ1125,"유니티 짱 ""이거 봐 - 응인 에셋 스토어에서 떨어 왔어하자! 대단한 でしょっ! 에헷!"" ",데토게 같아 
zznone,univ1126,"유니티 짱 ""대팬!"" ",데토게 같아 
zznone,univ1127,"유니티 짱 ""(부끄러운 듯) ... 좋아해"" ",데토게 같아 
zznone,univ1128,"유니티 짱 ""좋은 친구 ... 되네?"" ",데토게 같아 
zznone,univ1129,"유니티 짱 ""친구 다하자!"" ",데토게 같아 
zznone,univ1130,"유니티 짱 ""음 ... 조금 약한 걸까 ..."" ",데토게 같아 
zznone,univ1131,"유니티 짱 ""(말 힘들 듯) 미안! 싫어 ..."" ",데토게 같아 
zznone,univ1132,"유니티 짱 ""큰 싫다 !!"" ",데토게 같아 
zznone,univ1133,"유니티 짱 ""(사랑스러워) 당신이 그 전설의 생이별의 お父さんっ!"" ",김 태클 
zznone,univ1134,"유니티 짱 ""(사랑스러워) ... 인 것은 아닙니다 없다"" ",김 태클 
zznone,univ1135,"유니티 짱 ""(즐겁게) 하핫 ... 이렇게이 야지 해줘!"" ",김 태클 
zznone,univ1147,"유니티 짱 ""한!"" ",카운트 
zznone,univ1148,"유니티 짱 ""일!"" ",카운트 
zznone,univ1149,"유니티 짱 ""さんっ!"" ",카운트 
zznone,univ1150,"유니티 짱 ""알고!"" ",카운트 
zznone,univ1151,"유니티 짱 ""!!"" ",카운트 
zznone,univ1152,"유니티 짱 ""록은!"" ",카운트 
zznone,univ1153,"유니티 짱 ""ななっ!"" ",카운트 
zznone,univ1154,"유니티 짱 ""はちっ!"" ",카운트 
zznone,univ1155,"유니티 짱 「구! "" ",카운트 
zznone,univ1156,"유니티 짱 ""총 !!"" ",카운트 
zznone,univ1157,"유니티 짱 ""하나"" ",카운트 
zznone,univ1158,"유니티 짱 ""두"" ",카운트 
zznone,univ1159,"유니티 짱 ""세"" ",카운트 
zznone,univ1160,"유니티 짱 ""네"" ",카운트 
zznone,univ1161,"유니티 짱 ""5"" ",카운트 
zznone,univ1162,"유니티 짱 ""여섯"" ",카운트 
zznone,univ1163,"유니티 짱 ""일곱"" ",카운트 
zznone,univ1164,"유니티 짱 ""여덟"" ",카운트 
zznone,univ1165,"유니티 짱 ""아홉"" ",카운트 
zznone,univ1166,"유니티 짱 ""오이"" ",카운트 
zznone,univ1167,"유니티 짱 ""가위 바위 보"" ",가위 바위 보 
zznone,univ1168,"유니티 짱 ""탁!"" ",가위 바위 보 
zznone,univ1170,"유니티 짱 ""파!"" ",가위 바위 보 
zznone,univ1171,"유니티 짱 ""가위!"" ",가위 바위 보 
zznone,univ1172,"유니티 짱 ""아이콘에서 짊어!"" ",가위 바위 보 
zznone,univ1173,"유니티 짱 ""やたあ! 나의 승리 !!"" ",가위 바위 보 
zznone,univ1174,"유니티 짱 ""우후훗, 아이콘이다 해줘!"" ",가위 바위 보 
zznone,univ1176,"유니티 짱 ""가위 바위 보, 탁!"" ",가위 바위 보 
zznone,univ1177,"유니티 짱 ""처음에는 구っ!"" ",가위 바위 보 
zznone,univ1178,"유니티 짱 ""저쪽 향하고 ..."" ",가위 바위 보 
zznone,univ1179,"유니티 짱 ""호잇!"" ",가위 바위 보 
zznone,univ1180,"유니티 짱 ""마룻!"" ",○ 
zznone,univ1181,"유니티 짱 ""바쯔っ!"" ",× 
zznone,univ1188,"유니티 짱 ""랭킹 갱신 !! 축하 !!"" ",순위 라든지 
zznone,univ1189,"유니티 짱 ""어머 ~ ... 더 노력하자 해줘!"" ",순위 라든지 
zznone,univ1190,"유니티 짱 ""괜찮아. 당신이라면 분명있다하자!"" ",순위 라든지 
zznone,univ1191,"유니티 짱 ""나 응원하고 있기 때문 해줘!"" ",순위 라든지 
zznone,univ1192,"유니티 짱 ""편안한 휴식 !!"" ",순위 라든지 
zznone,univ1193,"유니티 짱 ""했던 되네요! 축하 !!"" ",순위 라든지 
zznone,univ1194,"유니티 짱 ""열심히하는 모습은, 좋다. 예뻐요!"" ",순위 라든지 
zznone,univ1195,"유니티 짱 ""위 아래 아래 좌우 좌우 BA (うえうえ 한 레프트 좌우 みぎび 에이)에서 오케이 だよっ!"" ",인사 라든지 
zznone,univ1196,"유니티 짱 ""기다린 네요 ~ !! 안녕 ~ 온!"" ",인사 라든지 
zznone,univ1197a,"유니티 짱 ""진행 (진행) 어떻습니까?"" ",인사 라든지 
zznone,univ1197b,"유니티 짱 ""진행 (진행) 어떻습니까?"" ",인사 라든지 
zznone,univ1197c,"유니티 짱 ""진행 (진행) 어떻습니까?"" ",인사 라든지 
zznone,univ1198,"유니티 짱 「이제 니? "" ",술래 잡기와 숨바꼭질 
zznone,univ1199,"유니티 짱 ""마다이야"" ",술래 잡기와 숨바꼭질 
zznone,univ1200,"유니티 짱 「이제하자! "" ",술래 잡기와 숨바꼭질 
zznone,univ1201,"유니티 짱 ""미 - つけたっ!"" ",술래 잡기와 숨바꼭질 
zznone,univ1202,"유니티 짱 ""어머 발견 버렸다 ..."" ",술래 잡기와 숨바꼭질 
zznone,univ1203,"유니티 짱 ""그러니까 ... 여기 일까?"" ",술래 잡기와 숨바꼭질 
zznone,univ1204,"유니티 짱 ""어디 일까?"" ",술래 잡기와 숨바꼭질 
zznone,univ1205,"유니티 짱 ""어라!? 다른?"" ",술래 잡기와 숨바꼭질 
zznone,univ1206,"유니티 짱 ""또 다른?"" ",술래 잡기와 숨바꼭질 
zznone,univ1207,"유니티 짱 ""내가 귀신 해줘!"" ",술래 잡기와 숨바꼭질 
zznone,univ1208,"유니티 짱 ""당신이 악마 해줘!"" ",술래 잡기와 숨바꼭질 
zznone,univ1209,"유니티 짱 ""待てっ!"" ",술래 잡기와 숨바꼭질 
zznone,univ1210,"유니티 짱 ""기다려 待てっ!"" ",술래 잡기와 숨바꼭질 
zznone,univ1211,"유니티 짱 ""에헷! 잡았 단!"" ",술래 잡기와 숨바꼭질 
zznone,univ1212,"유니티 짱 ""귀신 씨 여기 !!"" ",술래 잡기와 숨바꼭질 
zznone,univ1213,"유니티 짱 ""이쪽이야 - !!"" ",술래 잡기와 숨바꼭질 
zznone,univ1214,"유니티 짱 ""자자 !!"" ",술래 잡기와 숨바꼭질 
zznone,univ1215,"유니티 짱 ""おそ 싶다!"" ",술래 잡기와 숨바꼭질 
zznone,univ1216,"유니티 짱 ""あれれっ ... 잡혀 버렸다"" ",술래 잡기와 숨바꼭질 
zznone,univ1217,"유니티 짱 ""가자, 고っ!"" ",해결 라든지 
zznone,univ1218,"유니티 짱 ""호박 단숨에 마스 !!"" ",해결 라든지 
zznone,univ1219,"유니티 짱 ""はしんっ!"" ",해결 라든지 
zznone,univ1220,"유니티 짱 ""전투 시작 !!"" ",해결 라든지 
zznone,univ1221,"유니티 짱 ""대상 록온 !!"" ",해결 라든지 
zznone,univ1222,"유니티 짱 ""화이앗!"" ",해결 라든지 
zznone,univ1223,"유니티 짱 ""슈톳!"" ",해결 라든지 
zznone,univ1224,"유니티 짱 ""(시작 부분 타메,) 그런 공격이 ...... 나를 듣는 건가 ~ ~ 엣!"" ",해결 라든지 
zznone,univ1225,"유니티 짱 ""(코믹하게) 퇴각 ~ 온!"" ",해결 라든지 
zznone,univ1226,"유니티 짱 ""(코믹) 탈출 뭐냐 ~ 온!"" ",해결 라든지 
zznone,univ1227,"유니티 짱 ""いけぇっ!"" ",해결 라든지 
zznone,univ1228,"유니티 짱 ""うそっ! 꺄 아 아앗!"" ",해결 라든지 
zznone,univ1229,"유니티 짱 ""네 -! 총알 부족거야!?"" ",해결 라든지 
zznone,univ1230,"유니티 짱 ""아직도 !!"" ",해결 라든지 
zznone,univ1231,"유니티 짱 ""이제, 위험한 걸까 ..."" ",해결 라든지 
zznone,univ1232,"유니티 짱 ""파워 업 !!"" ",해결 라든지 
zznone,univ1233,"유니티 짱 ""내 차례 다하자!"" ",카드 배틀 라든지 
zznone,univ1234,"유니티 짱 ""자본 !!"" ",카드 배틀 라든지 
zznone,univ1235,"유니티 짱 ""세트!"" ",카드 배틀 라든지 
zznone,univ1236,"유니티 짱 ""턴 엔드 !!"" ",카드 배틀 라든지 
zznone,univ1237,"유니티 짱 ""발동 !!"" ",카드 배틀 라든지 
zznone,univ1238,"유니티 짱 ""네 차례 다하자!"" ",카드 배틀 라든지 
zznone,univ1239,"유니티 짱 ""이것으로 끝 !!"" ",카드 배틀 라든지 
zznone,univ1240,"유니티 짱 ""어느 일까 ~? 이것 일까 ~?"" ",카드 배틀 라든지 
zznone,univ1241,"유니티 짱 ""잘 부탁 드립니 닷! 에헤헤 ..."" ",카드 배틀 라든지 
zznone,univ1242,"유니티 짱 ""관대 히, 잘 부탁해!"" ",카드 배틀 라든지 
zznone,univ1243,"유니티 짱 ""あちゃ ... 안 건가 ..."" ",카드 배틀 라든지 
zznone,univ1244,"유니티 짱 ""으응 ... 어떻게 しよか구나 ..."" ",카드 배틀 라든지 
zznone,univ1245,"유니티 짱 ""자, 잠깐! 탄마っ!"" ",카드 배틀 라든지 
zznone,univ1246,"유니티 짱 ""그러니까 우와 ... 시도 돼?"" ",카드 배틀 라든지 
zznone,univ1247,"유니티 짱 ""(코믹하게) 흐흥 ... 안 마련 내림 것이다 싶어!"" ",카드 배틀 라든지 
zznone,univ1248,"유니티 짱 ""우리 악의 눈 (그럼 기원)에 반대 줄이야 ..."" ",카드 배틀 라든지 
zznone,univ1249,"유니티 짱 ""당신은 ...도 혹시 ... 우리 마스터거야!?"" ",카드 배틀 라든지 
zznone,univ1250,"유니티 짱 ""네놈를 우리 서번트로서 인정 ... 후훗!"" ",카드 배틀 라든지 
zznone,univ1251,"유니티 짱 ""도와 !! 유니티 가면 !!"" ",히어로 물 
zznone,univ1252,"유니티 짱 ""나도 싸울 앗! 유니티 가면 !!"" ",히어로 물 
zznone,univ1253,"유니티 짱 ""모두의 힘을 내게 줘 !!"" ",히어로 물 
zznone,univ1254,"유니티 짱 ""투!"" ",히어로 물 
zznone,univ1255,"유니티 짱 ""とりゃ!"" ",히어로 물 
zznone,univ1256,"유니티 짱 ""てぇいっ!"" ",히어로 물 
zznone,univ1257,"유니티 짱 ""야아 아!"" ",히어로 물 
zznone,univ1258,"유니티 짱 ""(데미지) 통증 たたたっ ...!"" ",히어로 물 
zznone,univ1259,"유니티 짱 ""(데미지) あうちっ!"" ",히어로 물 
zznone,univ1260,"유니티 짱 ""필살 !!"" ",히어로 물 
zznone,univ1261,"유니티 짱 ""아쵸 !!"" ",히어로 물 
zznone,univ1262,"유니티 짱 ""심판 !!"" ",히어로 물 
zznone,univ1263,"유니티 짱 ""정의는 우리에 !!"" ",히어로 물 
zznone,univ1264,"유니티 짱 ""전투 후에는 뜨거운 카레 고로케군요 ... 하뭇! (먹는 애드립) はぁぁん ... 맛있는 ~ 온!"" ",히어로 물 
zznone,univ1265,"유니티 짱 ""(데미지 후 거친 숨소리) ... 이겨 ... 유니티 가면 ... 내가 대신 이겨주세요 ... 가쿡 (와 うなだれる 의성을 입에 넣어주세요)"" ",히어로 물 
zznone,univ1266,"유니티 짱 ""(신체에 에너지를 채우는 이미지) 부끄러 울 ... 이것이 ... 이것이 ... 진정한 ... ちからっ!"" ",히어로 물 
zznone,univ1267,"유니티 짱 ""당신의 파워, 당신의 의지, 그리고 당신의 꿈과 희망,이 모든 제가받은 앗! 유니티 가면 !!"" ",히어로 물 
zznone,univ1268,"유니티 짱 ""날짜가 바뀌 었어!"" ",0시 
zznone,univ1269,"유니티 짱 ""1시! 내일의 준비는 괜찮아?"" ",1시 
zznone,univ1270,"유니티 짱 ""2시이야 ~ ... 나는 이제 잘하네요 ~ ... おやふみ ..."" ",2시 
zznone,univ1271,"유니티 짱 ""(숨소리 +) ふぁんじ ..."" ",3시 
zznone,univ1272,"유니티 짱 ""(숨소리 +) ひょじ ..."" ",4시 
zznone,univ1273,"유니티 짱 ""(숨소리 +) 유지 ..."" ",5시 
zznone,univ1274,"유니티 짱 ""(숨소리 +) ほふじ ..."" ",6시 
zznone,univ1275,"유니티 짱 ""7시 건가 ... 후와 ~ 아 ... 안녕 ~"" ",7시 
zznone,univ1276,"유니티 짱 ""8시구나. 슬슬 시동을 건 않으면"" ",8시 
zznone,univ1277,"유니티 짱 ""9시이야! 지각 않아? 괜찮아?"" ",9시 
zznone,univ1278,"유니티 짱 ""10시 ~"" ",10시 
zznone,univ1279,"유니티 짱 ""11시! 곧 점심!"" ",11시 
zznone,univ1280,"유니티 짱 ""점심이야 ~!"" ",12시 
zznone,univ1281,"유니티 짱 ""13시를 알려 마스"" ",13시 
zznone,univ1282,"유니티 짱 ""14시구나. 가장 맛타리し 버리는 시간 ..."" ",14시 
zznone,univ1283,"유니티 짱 ""15시 ... 방심하면 졸음이 ..."" ",15시 
zznone,univ1284,"유니티 짱 ""열 여섯 ... 헤헤 또 먹을 수 없다 ... 난 ..."" ",16시 
zznone,univ1285,"유니티 짱 ""헉! 어느새 17시!?"" ",17시 
zznone,univ1286,"유니티 짱 ""또 18 시부 ~ 슬슬 어두워 오는군요"" ",18시 
zznone,univ1287,"유니티 짱 ""19 시야. 모두 텔레비전보고 있으면 시간 일까?"" ",19시 
zznone,univ1288,"유니티 짱 ""20시! 직장하고있는 사람은 이제 일단락 일까?"" ",20시 
zznone,univ1289,"유니티 짱 ""21시 ~. 뭔가 재미있는 TV하고있는 걸까"" ",21시 
zznone,univ1290,"유니티 짱 ""(욕실 음 + 콧노래 섞인) ふんふ ~ 응 ♪ 22시다 - 응 ♪"" ",22시 
zznone,univ1291,"유니티 짱 ""갑자기 ~ ... 앞으로 한 시간으로 오늘도 끝 이네 ~"" ",23시 
zznone,univ1316,"유니티 짱 ""새해 복 많이 받으세요. 올해도 힘껏 노력하기 때문에, 잘 부탁드립니다 ... 에헤헤 가끔 튀어 ♪ (일러스트 낸다)"" ",1 월 1 일용 
zznone,univ1317,"유니티 짱 ""오늘은 성년의 날 이라니! 성인식과는 또 다른군요. 성년의 날이나 성인식은, 막상 맞이 뭔가가 바뀌는 것 같은 걸까 ...?"" ",1 월 15 일용 
zznone,univ1318,"유니티 짱 ""마침내 개전의 화개이 베어 떨어진 ... 오늘은 절분 워. 악마는 악마를 좀처럼 베기하는 데이 ... 어? 아, 그렇구나. 도륙 아니라 벌집 ... 응?"" ",2 월 3 일용 
zznone,univ1319,"유니티 짱 '건국 기념일 래!이 기념일이란 세계 어디를 가도있는 것이구나 ... 헉! 것은 건국이 빠른 순서대로 각국 놓고 가면 계속 휴식 ... 아, 지금 바보 취급 한 것! "" ",2 월 11 일용 
zznone,univ1320,"유니티 짱 ""발렌타인 데이구나! 훗훗 후 지금의 나에게 걸리면 초코 자작 정도 목공도 없다. 그래서, 네! 제발! (일러스트 낸다)"" ",2 월 14 일용 
zznone,univ1321,"유니티 짱 ""오늘은 히나 마츠리이야 -. 히나 마츠리 ... 너무 좋은 추억이없는 .... 아빠는 정말 나를 무거운 옷 입혀 했더니 귀여운 귀여운 밖에 말하지 않게되고 ... 아,하지만 단상에있는 마름모꼴의 떡 같은 건 사랑! "" ",3 월 3 일용 
zznone,univ1322,"유니티 짱 ""안절부절. 안절부절. 네?, 무슨도? 아무것도 아니야?"" ",3 월 14 일용 
zznone,univ1323,"유니티 짱 ""하루 !! 오늘은 춘분의 날이야!"" ",3 월 19 일용 
zznone,univ1324,"유니티 짱 ""오늘은 토코 짱의 생일이야. 나중에 미사키찌들과 파티하는거야!"" ",4 월 1 일용 
zznone,univ1325,"유니티 짱 ""오늘은 미사키찌 생일 얼마전 토코 짱을 축하했다 뿐이지 만, 파티는 몇 번해도 오케이 이군 ♪"" ",4 월 21 일용 
zznone,univ1326,"유니티 짱 ""얼마나 오늘은 이번 달 세 번째 생일 파티. 주역은 치노 씨이야.별로 이야기 할 기회가 없지만, 그 사람은 쿨하고 근사 하지요"" ",4 월 22 일용 
zznone,univ1327,"유니티 짱 ""오늘은 제헌절 ... 이거 기념일이야?"" ",5 월 3 일용 
zznone,univ1328,"유니티 짱 ""오늘은 식목일도. 다시 생각하지만, 코겐시티는 너무 녹색이없는 거지. 그만큼 파랑이 많다. 푸른 날이나 만들어 버리면 좋은데"" ",5 월 4 일용 
zznone,univ1329,"유니티 짱 ""오늘은 어린이 날! 옛날부터 신나는 일이었다구나 ~! 응? 으응, 안절부절 따윈하지 않았어? 어이, 앳된 뭐 -!"" ",5 월 5 일용 
zznone,univ1330,"유니티 짱 ""오늘은 내 엄마의 생일! 학교에서 돌아 가면 가족 모두 함께 밥을 만들어 축하하는거야!"" ",6 월 2 일용 
zznone,univ1331,"유니티 짱 ""오늘은 직녀와 견우의 날 이구나.이 도시도 강을 건너 세 섬으로 나뉘어 있으니, 강을 건너 연애하고있는 사람 이라든지는 분명 오늘이라는 날에 마음을 떨치고 ... 응? 으응 , 토코 씨가 눈을 반짝 반짝하면서 말한 것을 따라 해봐요뿐. 닮았다? "" ",7 월 7 일용 
zznone,univ1332,"유니티 짱 '바다의 날 !! 바다 ... 저게 뭔가 잊어 버린 것 같은 .... 아! 미사키찌와 수영복 사러 갈 약속하고 있었던 것이었다! (일러스트 낸다) "" ",7 월 20 일용 
zznone,univ1333,"유니티 짱 ""생일 축하 わたし! 오늘은 내 생일! 하하하. 나도 잘 성장하고있는거야 ~? 매일 보상을 포함하여 뭔가 선물 준 버려도 좋은거야 ~? "" ",8 월 13 일용 
zznone,univ1334,"유니티 짱 ""오늘은 경로의 날이 날이되면 갑자기 아빠가 안절부절하기 시작군요. 아무튼, 허리를 밟고 어깨를 두드리는 정도는 해줄지만 ..."" ",9 월 15 일용 
zznone,univ1335,"유니티 짱 ""미각의 가을! 추분이야 내 가을 미각의 가을이야!하지만이 도시는 정말 바다 밖에 없기 때문에, 산에 가자 것이라면 일대 여행 한 네요. 올해도 슈퍼에서 참을 건가 ... "" ",9 월 22 일용 
zznone,univ1336,"유니티 짱 ""오늘은 아빠의 생일. 이래저래 평소 구애가 있기 때문에, 가게에서 살 수있는 선물은 기꺼이주지 않는군요 .... 네?이 종이? 어깨 たたきけ ... 으응, 아무것도 아냐!"" ",10 월 8 일용 
zznone,univ1337,"유니티 짱 ""드디어왔다, 나의 일! 평평하게 말하면 체육의 날! ㅋ ㅋ ㅋ 오늘은 힘을 내 버릴거야 -! (일러스트 낸다)"" ",10 월 10 일용 
zznone,univ1338,"유니티 짱 ""하아 ... 문화의 날 같습니다 ... 응? 텐션? 낮지 않다 낮지 않다. 하아 ... 메이드 카페 라든지 ... 그런 간편한 ... 투덜 투덜 (일러스트 낸다)"" ",11 월 3 일용 
zznone,univ1339,"유니티 짱 ""오늘은 근로 감사의 날. 경로의 날과 마찬가지로 아빠의 안절부절 듬뿍이 지겨운 데이입니다. 잘 잘 생각해 보면 아직 할아버지 살아 있고, 무엇 경로의 날에 아빠를 労っ 있었던 걸까 나 ...! ! 대체 휴일로 오늘은 아무것도하지라고 말하면 ... 잠시 잠 포함겠다 ... 어쩔 수 없네 "" ",11 월 23 일용 
zznone,univ1340,"유니티 짱 ""크리스마스 이브! 아니 ... 세상 데코 데코 이구나 ... 그쪽은 눈 내리고있는? 여기는 지금은 양 데루하지만 지난달부터 すこし 씩 내리기 시작 있으니, 시즌 중에는 기대할 수 있을지도 몰라! 아 ~ 스노 가고 싶다 ~! "" ",12 월 24 일용 
zznone,univ1341,"유니티 짱 ""메리 크리스 마스! 산타 古白 짱이다 구 ~! 좋은 아이 개발을 계속 모두에게 선물이다 ~! (일러스트 낸다) ... 우우, 부끄럽다. 아니 다른거야 ~! 이것, 미사키찌이 만든 것이지만, 입고 않으면 그러니까 큰일거야 하니까 ...에 어울리고없이 괜찮! 자자 산타 古白 짱은 끝! 칠면조 먹기! 네요! "" ",12 월 25 일용 
zznone,univ1342,"유니티 짱 ""ほへぇ ... (난로에서 気抜け) 아, 연말 이구나 ... 야호. 귤 먹기? 하하하 ~ ... 페 자지 않은 자고 않았어 오늘은 제대로 일어나지 않았다고 과분 네요 ~ 아 ~ 세뱃돈 기다려진다 ~ 아, 센베이 먹어? "" ",12 월 31 일용 
zznone,univ1343,"유니티 짱 ""생일 축하! 古白 짱 멋진 선물을 올려 버릴거야! (일러스트 낸다) 에헤헤, 또 한 걸음 성장 버렸다! 올해도 함께 간바로!""",생일 일용